PLAYER_ID,RANK,PLAYER,TEAM,GP,MIN,FGM,FGA,FG_PCT,FG3M,FG3A,FG3_PCT,FTM,FTA,FT_PCT,OREB,DREB,REB,AST,STL,BLK,TOV,PF,PTS,EFF,AST_TOV,STL_TOV,pos,height,pos2,feet,in,height_in
201939,1,Stephen Curry,GSW,63,2152,658,1365,0.482,337,801,0.421,362,395,0.916,29,316,0.16031598513011153,0.16868029739776952,77,8,213,119,2015,1855,1.7,0.36,Guard,6-2,Guard,6,2,74.0
203081,2,Damian Lillard,POR,67,2398,602,1334,0.451,275,704,0.391,449,484,0.928,32,251,0.11801501251042536,0.21059216013344453,62,17,203,102,1928,1825,2.49,0.3,Guard,6-2,Guard,6,2,74.0
203999,3,Nikola Jokic,DEN,72,2488,732,1293,0.566,92,237,0.388,342,394,0.868,205,575,0.3135048231511254,0.2407556270096463,95,48,222,192,1898,2585,2.7,0.43,Center,6-11,Center,6,11,83.0
203078,4,Bradley Beal,WAS,60,2147,670,1382,0.485,130,373,0.349,408,459,0.889,72,211,0.13181183046110853,0.12342803912435957,69,22,187,140,1878,1567,1.42,0.37,Guard,6-4,Guard,6,4,76.0
1629029,5,Luka Doncic,DAL,66,2262,647,1351,0.479,192,548,0.35,344,471,0.73,54,473,0.23297966401414677,0.2506631299734748,64,36,281,152,1830,1912,2.02,0.23,Forward-Guard,6-7,Forward,6,7,79.0
203507,6,Giannis Antetokounmpo,MIL,61,2013,626,1100,0.569,67,221,0.303,398,581,0.685,97,574,0.3333333333333333,0.17734724292101342,72,73,207,168,1717,2026,1.73,0.35,Forward,7-0,Forward,7,0,84.0
1626164,7,Devin Booker,PHX,67,2270,623,1287,0.484,126,371,0.34,340,392,0.867,34,247,0.1237885462555066,0.12731277533039648,53,16,207,181,1712,1428,1.4,0.26,Guard,6-5,Guard,6,5,77.0
203944,7,Julius Randle,NYK,71,2667,602,1321,0.456,160,389,0.411,348,429,0.811,84,640,0.2714660667416573,0.16010498687664043,64,18,241,225,1712,1904,1.77,0.27,Forward-Center,6-8,Center,6,8,80.0
1628369,9,Jayson Tatum,BOS,64,2290,605,1318,0.459,187,485,0.386,295,340,0.868,50,422,0.20611353711790392,0.1205240174672489,75,31,171,122,1692,1617,1.61,0.44,Forward-Guard,6-8,Forward,6,8,80.0
1629627,10,Zion Williamson,NOP,61,2026,634,1037,0.611,10,34,0.294,369,529,0.698,167,274,0.21767028627838106,0.11154985192497532,57,39,167,135,1647,1680,1.35,0.34,Forward,6-6,Forward,6,6,78.0
202696,11,Nikola Vucevic,CHI,70,2348,666,1396,0.477,176,440,0.4,131,156,0.84,146,671,0.3479557069846678,0.11456558773424191,65,48,126,137,1639,1957,2.13,0.52,Center,6-10,Center,6,10,82.0
1629027,12,Trae Young,ATL,63,2125,487,1112,0.438,136,397,0.343,484,546,0.886,38,207,0.11529411764705882,0.27952941176470586,53,12,261,111,1594,1550,2.28,0.2,Guard,6-1,Guard,6,1,73.0
203897,13,Zach LaVine,CHI,58,2034,569,1123,0.507,200,477,0.419,253,298,0.849,36,253,0.14208456243854473,0.13864306784660768,46,27,203,138,1591,1433,1.39,0.23,Guard-Forward,6-5,Guard,6,5,77.0
1628368,14,De'Aaron Fox,SAC,58,2036,529,1110,0.477,103,320,0.322,300,417,0.719,33,170,0.09970530451866405,0.20481335952848723,87,27,174,170,1461,1323,2.4,0.5,Guard,6-3,Guard,6,3,75.0
1629012,15,Collin Sexton,CLE,60,2115,525,1105,0.475,98,264,0.371,312,383,0.815,58,129,0.0884160756501182,0.12387706855791962,62,10,167,157,1460,1163,1.57,0.37,Guard,6-2,Guard,6,2,74.0
203954,16,Joel Embiid,PHI,51,1585,461,899,0.513,58,154,0.377,471,548,0.859,113,426,0.34006309148264985,0.0914826498422713,50,69,159,123,1451,1580,0.91,0.31,Center-Forward,7-0,Center,7,0,84.0
202681,16,Kyrie Irving,BKN,54,1886,549,1086,0.506,152,378,0.402,201,218,0.922,52,205,0.13626723223753975,0.17179215270413573,76,37,130,140,1451,1461,2.49,0.58,Guard,6-2,Guard,6,2,74.0
1627742,18,Brandon Ingram,NOP,61,2092,513,1101,0.466,143,375,0.381,281,320,0.878,34,265,0.14292543021032506,0.14149139579349904,42,36,154,124,1450,1342,1.92,0.27,Forward,6-8,Forward,6,8,80.0
201566,19,Russell Westbrook,WAS,65,2369,544,1238,0.439,86,273,0.315,271,413,0.656,109,641,0.3165892781764458,0.3220768256648375,89,23,312,190,1445,1922,2.45,0.28,Guard,6-3,Guard,6,3,75.0
1627759,20,Jaylen Brown,BOS,58,1999,538,1111,0.484,163,411,0.397,191,250,0.764,71,276,0.17358679339669836,0.0975487743871936,72,32,158,168,1430,1286,1.23,0.46,Guard-Forward,6-6,Guard,6,6,78.0
1626179,21,Terry Rozier,CHA,69,2383,510,1134,0.45,222,571,0.389,165,202,0.817,47,255,0.12673101133025597,0.12295425933697021,87,26,128,119,1407,1326,2.29,0.68,Guard,6-1,Guard,6,1,73.0
1628378,22,Donovan Mitchell,UTA,53,1771,478,1091,0.438,178,461,0.386,267,316,0.845,50,185,0.13269339356295878,0.15640880858272163,52,15,147,117,1401,1171,1.88,0.35,Guard,6-1,Guard,6,1,73.0
1630162,23,Anthony Edwards,MIN,72,2314,505,1211,0.417,171,520,0.329,211,272,0.776,59,277,0.14520311149524634,0.09118409680207433,82,36,160,129,1392,1130,1.32,0.51,Guard,6-4,Guard,6,4,76.0
203114,24,Khris Middleton,MIL,68,2269,511,1074,0.476,151,365,0.414,212,236,0.898,54,352,0.17893345085940943,0.1630674305861613,74,9,178,160,1385,1479,2.08,0.42,Forward,6-7,Forward,6,7,79.0
203952,25,Andrew Wiggins,GSW,71,2364,505,1058,0.477,140,368,0.38,170,238,0.714,82,265,0.14678510998307953,0.0706429780033841,67,70,126,159,1320,1224,1.32,0.53,Forward,6-7,Forward,6,7,79.0
201942,26,DeMar DeRozan,SAS,61,2056,455,920,0.495,19,74,0.257,387,440,0.88,40,219,0.1259727626459144,0.20525291828793774,56,15,119,128,1316,1431,3.55,0.47,Guard-Forward,6-6,Guard,6,6,78.0
202695,27,Kawhi Leonard,LAC,52,1772,465,908,0.512,101,254,0.398,261,295,0.885,55,282,0.1901805869074492,0.1518058690744921,81,21,105,82,1292,1418,2.56,0.77,Forward,6-7,Forward,6,7,79.0
1626181,28,Norman Powell,POR,69,2206,438,918,0.477,171,416,0.411,236,271,0.871,42,173,0.09746146872166818,0.058476881233000905,82,18,119,160,1283,1093,1.08,0.69,Guard,6-4,Guard,6,4,76.0
1629628,29,RJ Barrett,NYK,72,2511,467,1060,0.441,124,309,0.401,206,276,0.746,68,346,0.16487455197132617,0.08641975308641975,53,20,139,188,1264,1166,1.56,0.38,Forward-Guard,6-6,Forward,6,6,78.0
1627734,30,Domantas Sabonis,IND,62,2231,484,904,0.535,52,162,0.321,240,328,0.732,150,592,0.33258628417749886,0.18601523980277904,76,33,213,203,1260,1805,1.95,0.36,Forward-Center,7-1,Center,7,1,85.0
202331,31,Paul George,LAC,54,1821,445,953,0.467,171,416,0.411,198,228,0.868,45,314,0.1971444261394838,0.15376166941241076,62,24,179,132,1259,1267,1.56,0.35,Forward,6-8,Forward,6,8,80.0
203903,32,Jordan Clarkson,UTA,68,1818,457,1075,0.425,208,599,0.347,129,144,0.896,47,227,0.15071507150715072,0.0924092409240924,61,10,115,110,1251,1016,1.46,0.53,Guard,6-5,Guard,6,5,77.0
1626157,33,Karl-Anthony Towns,MIN,50,1689,425,875,0.486,122,315,0.387,267,311,0.859,133,396,0.3132030787448194,0.13321492007104796,39,57,160,186,1239,1435,1.41,0.24,Center-Forward,7-0,Center,7,0,84.0
202711,34,Bojan Bogdanovic,UTA,72,2216,406,925,0.439,180,461,0.39,233,265,0.879,40,241,0.12680505415162455,0.061371841155234655,45,4,128,115,1225,1012,1.06,0.35,Forward,6-7,Forward,6,7,79.0
202699,35,Tobias Harris,PHI,62,2014,473,924,0.512,82,208,0.394,182,204,0.892,62,357,0.2080436941410129,0.10923535253227408,55,51,107,119,1210,1375,2.06,0.51,Forward,6-7,Forward,6,7,79.0
203924,36,Jerami Grant,DET,54,1829,400,932,0.429,115,329,0.35,290,343,0.845,35,215,0.1366867140513942,0.08310552214324768,35,58,109,125,1205,1006,1.39,0.32,Forward,6-8,Forward,6,8,80.0
1629630,37,Ja Morant,MEM,63,2053,430,957,0.449,73,241,0.303,271,372,0.728,59,193,0.1227471992206527,0.2264978080857282,57,13,203,87,1204,1160,2.29,0.28,Guard,6-2,Guard,6,2,74.0
1628389,38,Bam Adebayo,MIA,64,2143,456,800,0.57,2,8,0.25,283,354,0.799,142,431,0.26738217452169855,0.16145590293980402,75,66,169,145,1197,1673,2.05,0.44,Center-Forward,6-9,Center,6,9,81.0
1627783,39,Pascal Siakam,TOR,56,2006,437,961,0.455,73,246,0.297,249,301,0.827,95,310,0.20189431704885344,0.12462612163509472,64,37,130,174,1196,1246,1.92,0.49,Forward,6-8,Forward,6,8,80.0
1627763,40,Malcolm Brogdon,IND,56,1930,444,980,0.453,145,374,0.388,153,177,0.864,58,236,0.15233160621761657,0.17046632124352332,49,15,115,110,1186,1198,2.86,0.43,Guard,6-4,Guard,6,4,76.0
1627741,41,Buddy Hield,SAC,71,2433,403,992,0.406,282,721,0.391,88,104,0.846,29,305,0.13727907932593506,0.10563090834360872,63,30,130,175,1176,1125,1.98,0.48,Guard,6-4,Guard,6,4,76.0
203501,42,Tim Hardaway Jr.,DAL,70,1985,407,911,0.447,207,529,0.391,142,174,0.816,20,209,0.11536523929471033,0.06347607052896725,31,11,64,111,1163,960,1.97,0.48,Guard-Forward,6-5,Guard,6,5,77.0
1629008,43,Michael Porter Jr.,DEN,61,1912,443,817,0.542,170,382,0.445,106,134,0.791,91,354,0.23274058577405857,0.036610878661087864,40,54,77,126,1162,1292,0.91,0.52,Forward,6-10,Forward,6,10,82.0
1628415,44,Dillon Brooks,MEM,67,1997,432,1031,0.419,128,372,0.344,159,195,0.815,53,143,0.09814722083124687,0.0786179268903355,78,26,119,237,1151,854,1.32,0.66,Guard-Forward,6-6,Guard,6,6,78.0
101108,45,Chris Paul,PHX,70,2200,439,879,0.499,102,258,0.395,169,181,0.934,25,287,0.14181818181818182,0.2827272727272727,99,19,156,166,1149,1593,3.99,0.64,Guard,6-0,Guard,6,0,72.0
2544,46,LeBron James,LAL,45,1504,422,823,0.513,104,285,0.365,178,255,0.698,29,317,0.2300531914893617,0.2327127659574468,48,25,168,70,1126,1249,2.08,0.29,Forward,6-9,Forward,6,9,81.0
202710,47,Jimmy Butler,MIA,52,1745,366,736,0.497,25,102,0.245,359,416,0.863,94,265,0.20573065902578797,0.21146131805157592,108,18,109,71,1116,1434,3.38,0.99,Forward,6-7,Forward,6,7,79.0
1628381,48,John Collins,ATL,63,1848,429,771,0.556,83,208,0.399,170,204,0.833,118,349,0.2527056277056277,0.04220779220779221,34,63,84,193,1111,1293,0.93,0.41,Forward-Center,6-9,Center,6,9,81.0
203468,49,CJ McCollum,POR,47,1600,405,884,0.458,169,420,0.402,108,133,0.812,30,155,0.115625,0.139375,44,21,65,87,1087,991,3.43,0.68,Guard,6-3,Guard,6,3,75.0
201935,50,James Harden,BKN,44,1609,342,734,0.466,121,334,0.362,278,323,0.861,35,313,0.21628340584213798,0.2952144188937228,53,33,177,99,1083,1378,2.68,0.3,Guard,6-5,Guard,6,5,77.0
202685,51,Jonas Valanciunas,MEM,62,1755,440,743,0.592,21,57,0.368,157,203,0.773,253,523,0.44216524216524217,0.06381766381766382,35,57,100,179,1058,1589,1.12,0.35,Center,6-11,Center,6,11,83.0
1627749,52,Dejounte Murray,SAS,67,2139,441,974,0.453,63,199,0.317,106,134,0.791,58,415,0.2211313697989715,0.1697054698457223,101,7,117,135,1051,1317,3.1,0.86,Guard,6-5,Guard,6,5,77.0
201950,53,Jrue Holiday,MIL,59,1907,414,823,0.503,111,283,0.392,107,136,0.787,73,195,0.140534871525957,0.18720503408495018,96,37,127,98,1046,1239,2.81,0.76,Guard,6-5,Guard,6,5,77.0
1629632,54,Coby White,CHI,69,2156,375,902,0.416,163,454,0.359,128,142,0.901,28,256,0.13172541743970315,0.15213358070500926,38,15,156,179,1041,1009,2.1,0.24,Guard,6-5,Guard,6,5,77.0
1627832,55,Fred VanVleet,TOR,52,1899,338,870,0.389,174,476,0.366,169,191,0.885,32,188,0.11585044760400211,0.17272248551869404,87,37,95,119,1019,1042,3.45,0.92,Guard,6-0,Guard,6,0,72.0
1627750,56,Jamal Murray,DEN,48,1704,378,792,0.477,129,316,0.408,133,153,0.869,37,157,0.11384976525821597,0.13556338028169015,64,13,108,95,1018,978,2.14,0.59,Guard,6-4,Guard,6,4,76.0
203497,57,Rudy Gobert,UTA,71,2187,391,579,0.675,0,4,0.0,233,374,0.623,240,720,0.438957475994513,0.04069501600365798,40,190,118,163,1015,1847,0.75,0.34,Center,7-1,Center,7,1,85.0
1629028,58,Deandre Ayton,PHX,69,2115,430,687,0.626,4,20,0.2,133,173,0.769,228,499,0.3437352245862884,0.04680851063829787,41,81,103,196,997,1545,0.96,0.4,Center,7-0,Center,7,0,84.0
203925,59,Joe Harris,BKN,69,2142,357,707,0.505,211,444,0.475,49,63,0.778,43,205,0.1157796451914099,0.06069094304388422,46,14,62,141,974,986,2.1,0.74,Guard-Forward,6-6,Guard,6,6,78.0
1628969,60,Mikal Bridges,PHX,72,2348,363,669,0.543,134,315,0.425,110,131,0.84,76,233,0.1316013628620102,0.06473594548551959,76,63,57,116,970,1186,2.67,1.33,Forward,6-6,Forward,6,6,78.0
203991,61,Clint Capela,ATL,63,1898,413,695,0.594,0,0,0.0,130,227,0.573,297,606,0.47576396206533195,0.025816649104320338,44,129,73,145,956,1629,0.67,0.6,Center,6-10,Center,6,10,82.0
1627747,62,Caris LeVert,IND,47,1485,359,814,0.441,84,258,0.326,146,180,0.811,33,181,0.1441077441077441,0.16498316498316498,66,30,102,105,948,912,2.4,0.65,Guard,6-6,Guard,6,6,78.0
203482,63,Kelly Olynyk,HOU,70,1997,337,697,0.484,126,368,0.342,145,175,0.829,87,402,0.24486730095142714,0.10165247871807712,79,42,126,207,945,1242,1.61,0.63,Forward-Center,6-11,Center,6,11,83.0
201142,64,Kevin Durant,BKN,35,1157,324,603,0.537,85,189,0.45,210,238,0.882,13,234,0.21348314606741572,0.16853932584269662,25,45,120,70,943,1028,1.63,0.21,Forward,6-10,Forward,6,10,82.0
1629130,65,Duncan Robinson,MIA,72,2262,315,717,0.439,250,613,0.408,62,75,0.827,7,243,0.11052166224580018,0.05614500442086649,43,20,81,181,942,886,1.57,0.53,Forward,6-7,Forward,6,7,79.0
1629636,66,Darius Garland,CLE,54,1790,362,802,0.451,105,266,0.395,112,132,0.848,23,106,0.07206703910614524,0.18379888268156425,66,6,164,110,941,847,2.01,0.4,Guard,6-1,Guard,6,1,73.0
203471,66,Dennis Schroder,LAL,61,1956,332,760,0.437,71,212,0.335,206,243,0.848,30,181,0.10787321063394684,0.1794478527607362,70,13,163,159,941,958,2.15,0.43,Guard,6-1,Guard,6,1,73.0
203084,68,Harrison Barnes,SAC,58,2102,319,642,0.497,100,256,0.391,195,235,0.83,64,321,0.18315889628924834,0.0956232159847764,43,11,93,75,933,1117,2.16,0.46,Forward,6-8,Forward,6,8,80.0
1626149,69,Montrezl Harrell,LAL,69,1580,375,603,0.622,0,10,0.0,181,256,0.707,158,270,0.2708860759493671,0.046202531645569624,46,49,74,128,931,1150,0.99,0.62,Forward-Center,6-7,Center,6,7,79.0
2546,70,Carmelo Anthony,POR,69,1690,327,777,0.421,133,325,0.409,137,154,0.89,32,182,0.12662721893491125,0.06153846153846154,46,38,61,144,924,798,1.71,0.75,Forward,6-7,Forward,6,7,79.0
203926,71,Doug McDermott,IND,66,1619,354,665,0.532,111,286,0.388,80,98,0.816,60,161,0.1365040148239654,0.05250154416306362,20,6,53,117,899,849,1.6,0.38,Forward,6-6,Forward,6,6,78.0
1629018,72,Gary Trent Jr.,TOR,58,1802,320,785,0.408,165,429,0.385,83,106,0.783,27,125,0.08435072142064373,0.04439511653718091,56,10,43,92,888,655,1.86,1.3,Guard-Forward,6-5,Guard,6,5,77.0
1629640,73,Keldon Johnson,SAS,69,1968,338,705,0.479,60,181,0.331,145,196,0.74,93,319,0.20934959349593496,0.061483739837398375,40,24,78,142,881,982,1.55,0.51,Forward-Guard,6-5,Forward,6,5,77.0
1628398,74,Kyle Kuzma,LAL,68,1954,335,757,0.443,137,380,0.361,67,97,0.691,108,309,0.21340839303991813,0.06499488229273286,35,41,113,121,874,929,1.12,0.31,Forward,6-9,Forward,6,9,81.0
202339,75,Eric Bledsoe,NOP,71,2112,307,730,0.421,121,355,0.341,134,195,0.687,29,215,0.11553030303030302,0.1268939393939394,55,24,114,112,869,862,2.35,0.48,Guard,6-1,Guard,6,1,73.0
1626158,75,Richaun Holmes,SAC,61,1781,366,575,0.637,2,11,0.182,135,170,0.794,144,360,0.28298708590679394,0.056709713644020214,39,96,75,213,869,1290,1.35,0.52,Forward,6-8,Forward,6,8,80.0
204001,77,Kristaps Porzingis,DAL,43,1327,325,683,0.476,97,258,0.376,118,138,0.855,82,299,0.28711379050489827,0.05124340617935192,20,58,51,115,865,963,1.33,0.39,Forward-Center,7-3,Center,7,3,87.0
202330,78,Gordon Hayward,CHA,44,1496,311,658,0.473,85,205,0.415,156,185,0.843,37,221,0.17245989304812834,0.12098930481283422,52,14,91,74,863,901,1.99,0.57,Forward,6-7,Forward,6,7,79.0
1626174,79,Christian Wood,HOU,41,1326,329,640,0.514,77,206,0.374,125,198,0.631,76,319,0.29788838612368024,0.053544494720965306,34,48,80,88,860,944,0.89,0.42,Forward,6-9,Forward,6,9,81.0
201572,80,Brook Lopez,MIL,70,1902,322,640,0.503,95,281,0.338,120,142,0.845,104,243,0.18243953732912724,0.026288117770767613,40,103,64,149,859,995,0.78,0.63,Center,7-1,Center,7,1,85.0
1628973,81,Jalen Brunson,DAL,68,1697,328,627,0.523,81,200,0.405,120,151,0.795,27,204,0.136122569239835,0.1408367707719505,35,1,80,109,857,953,2.99,0.44,Guard,6-2,Guard,6,2,74.0
1630180,81,Saddiq Bey,DET,70,1909,279,691,0.404,175,460,0.38,124,147,0.844,43,275,0.16657936092194867,0.04976427448926139,52,14,60,110,857,841,1.58,0.87,Forward,6-7,Forward,6,7,79.0
203937,83,Kyle Anderson,MEM,69,1887,308,658,0.468,94,261,0.36,144,184,0.783,52,344,0.20985691573926868,0.13248542660307366,84,57,86,120,854,1165,2.91,0.98,Forward-Guard,6-9,Forward,6,9,81.0
1626162,84,Kelly Oubre Jr.,GSW,55,1688,318,724,0.439,90,285,0.316,123,177,0.695,82,247,0.19490521327014218,0.043246445497630334,57,42,70,121,849,820,1.04,0.81,Forward-Guard,6-6,Forward,6,6,78.0
1628970,85,Miles Bridges,CHA,66,1932,313,622,0.503,116,290,0.4,98,113,0.867,81,316,0.2054865424430642,0.07608695652173914,44,52,106,143,840,1050,1.39,0.41,Forward,6-7,Forward,6,7,79.0
1628983,86,Shai Gilgeous-Alexander,OKC,35,1180,287,565,0.508,71,170,0.418,185,229,0.808,19,147,0.14067796610169492,0.17542372881355933,27,23,106,70,830,825,1.95,0.26,Guard,6-6,Guard,6,6,78.0
1627732,87,Ben Simmons,PHI,58,1877,325,583,0.557,3,10,0.3,176,287,0.613,93,324,0.2221630261054875,0.2136387852956846,93,35,173,171,829,1233,2.32,0.54,Guard-Forward,6-10,Guard,6,10,82.0
202689,87,Kemba Walker,BOS,43,1369,284,676,0.42,127,353,0.36,134,149,0.899,16,154,0.1241782322863404,0.15485756026296568,48,12,88,61,829,776,2.41,0.55,Guard,6-0,Guard,6,0,72.0
1628367,89,Josh Jackson,DET,62,1560,296,707,0.419,77,257,0.3,159,218,0.729,57,197,0.16282051282051282,0.09166666666666666,53,47,142,178,828,713,1.01,0.37,Guard-Forward,6-8,Guard,6,8,80.0
201144,90,Mike Conley,UTA,51,1498,284,640,0.444,138,335,0.412,121,142,0.852,36,141,0.11815754339118825,0.20360480640854473,70,9,99,98,827,912,3.08,0.71,Guard,6-1,Guard,6,1,73.0
1629023,91,P.J. Washington,CHA,64,1954,302,686,0.44,112,290,0.386,108,145,0.745,93,325,0.21392016376663256,0.08239508700102355,69,79,128,171,824,1002,1.26,0.54,Forward,6-7,Forward,6,7,79.0
202322,92,John Wall,HOU,40,1288,293,726,0.404,79,249,0.317,158,211,0.749,17,112,0.10015527950310558,0.21350931677018634,42,31,141,46,823,673,1.95,0.3,Guard,6-3,Guard,6,3,75.0
201152,92,Thaddeus Young,CHI,68,1652,370,662,0.559,12,45,0.267,71,113,0.628,168,255,0.2560532687651332,0.1761501210653753,74,40,137,152,823,1180,2.12,0.54,Forward,6-8,Forward,6,8,80.0
1628989,94,Kevin Huerter,ATL,69,2126,316,731,0.432,140,386,0.363,50,64,0.781,38,193,0.10865475070555033,0.11335841956726246,82,18,79,165,822,886,3.05,1.04,Guard-Forward,6-7,Guard,6,7,79.0
1628449,95,Chris Boucher,TOR,60,1453,288,560,0.514,90,235,0.383,152,193,0.788,117,287,0.2780454232622161,0.043358568479008944,35,111,46,166,818,1072,1.37,0.76,Forward-Center,6-9,Center,6,9,81.0
1629003,96,Shake Milton,PHI,63,1461,300,667,0.45,71,203,0.35,146,176,0.83,33,115,0.10130047912388775,0.13210130047912388,39,18,103,130,817,715,1.87,0.38,Guard-Forward,6-5,Guard,6,5,77.0
1628984,97,Devonte' Graham,CHA,55,1659,252,669,0.377,179,477,0.375,133,158,0.842,22,126,0.08921036769138035,0.17781796262808922,48,6,84,77,816,787,3.51,0.57,Guard,6-1,Guard,6,1,73.0
1629134,97,Kendrick Nunn,MIA,56,1650,319,658,0.485,122,320,0.381,56,60,0.933,21,158,0.10848484848484849,0.08969696969696969,52,14,80,108,816,786,1.85,0.65,Guard,6-3,Guard,6,3,75.0
1629639,99,Tyler Herro,MIA,54,1635,307,699,0.439,107,297,0.36,94,117,0.803,25,243,0.163914373088685,0.11253822629969419,35,17,101,71,815,803,1.82,0.35,Guard,6-5,Guard,6,5,77.0
204060,100,Joe Ingles,UTA,67,1867,275,562,0.489,183,406,0.451,76,90,0.844,27,217,0.13069094804499196,0.17032672737011248,45,12,117,120,809,1010,2.72,0.39,Forward-Guard,6-9,Forward,6,9,81.0
202683,101,Enes Freedom,POR,72,1757,339,561,0.604,1,4,0.25,127,164,0.774,284,511,0.4524758110415481,0.04780876494023904,33,48,78,168,806,1429,1.08,0.42,Center,6-10,Center,6,10,82.0
1628386,101,Jarrett Allen,CLE,63,1864,298,482,0.618,6,19,0.316,204,290,0.703,196,435,0.338519313304721,0.05686695278969957,32,90,100,96,806,1295,1.06,0.32,Center,6-9,Center,6,9,81.0
1630163,103,LaMelo Ball,CHA,51,1469,293,672,0.436,92,261,0.352,125,165,0.758,63,239,0.20558202859087815,0.213070115724983,81,18,145,136,803,953,2.16,0.56,Guard,6-7,Guard,6,7,79.0
1628366,104,Lonzo Ball,NOP,55,1747,290,700,0.414,172,455,0.378,50,64,0.781,33,230,0.1505437893531769,0.180881511161992,82,31,123,103,802,947,2.57,0.67,Guard,6-6,Guard,6,6,78.0
1626156,105,D'Angelo Russell,MIN,42,1196,281,652,0.431,120,310,0.387,114,149,0.765,16,95,0.09280936454849498,0.2040133779264214,45,18,112,68,796,696,2.18,0.4,Guard,6-4,Guard,6,4,76.0
1630256,106,Jae'Sean Tate,HOU,70,2043,316,625,0.506,60,195,0.308,102,147,0.694,132,242,0.18306412139011258,0.08712677435144396,85,36,98,222,794,1015,1.82,0.87,Forward,6-5,Forward,6,5,77.0
200768,107,Kyle Lowry,TOR,46,1602,260,596,0.436,131,331,0.396,140,160,0.875,35,212,0.15418227215980024,0.21098626716604243,45,14,126,143,791,953,2.68,0.36,Guard,6-0,Guard,6,0,72.0
1629060,108,Rui Hachimura,WAS,57,1797,310,648,0.478,45,137,0.328,124,161,0.77,49,263,0.17362270450751252,0.045631608235948806,44,7,68,120,789,791,1.21,0.65,Forward,6-8,Forward,6,8,80.0
1628407,109,Dwayne Bacon,ORL,72,1853,292,726,0.402,59,207,0.285,145,176,0.824,31,193,0.12088505126821371,0.05018888289260658,45,5,46,103,788,644,2.02,0.98,Guard-Forward,6-6,Guard,6,6,78.0
203076,110,Anthony Davis,LAL,36,1162,301,613,0.491,26,100,0.26,158,214,0.738,62,224,0.24612736660929432,0.09466437177280551,45,59,74,60,786,844,1.49,0.61,Forward-Center,6-10,Center,6,10,82.0
1629675,111,Naz Reid,MIN,70,1347,304,581,0.523,61,174,0.351,115,166,0.693,82,240,0.23904974016332592,0.053452115812917596,34,76,69,179,784,891,1.04,0.49,Center-Forward,6-9,Center,6,9,81.0
202694,112,Marcus Morris Sr.,LAC,57,1502,276,584,0.473,140,296,0.473,73,89,0.82,35,199,0.15579227696404793,0.03861517976031957,34,15,57,117,765,725,1.02,0.6,Forward,6-8,Forward,6,8,80.0
203200,113,Justin Holiday,IND,72,2183,258,625,0.413,173,453,0.382,67,85,0.788,32,224,0.11726981218506642,0.05451213925790197,74,41,54,135,756,807,2.2,1.37,Forward-Guard,6-6,Forward,6,6,78.0
1626171,114,Bobby Portis,MIL,66,1372,313,598,0.523,74,157,0.471,54,73,0.74,124,342,0.3396501457725947,0.05174927113702624,52,26,56,115,754,1009,1.27,0.93,Forward,6-11,Forward,6,11,83.0
1629647,114,Darius Bazley,OKC,55,1714,273,690,0.396,83,286,0.29,125,178,0.702,51,345,0.2310385064177363,0.057759626604434074,29,25,122,60,754,711,0.81,0.24,Forward,6-9,Forward,6,9,81.0
1630169,116,Tyrese Haliburton,SAC,58,1746,292,619,0.472,121,296,0.409,48,56,0.857,39,134,0.0990836197021764,0.17697594501718214,77,28,92,83,753,913,3.36,0.84,Guard,6-5,Guard,6,5,77.0
201145,117,Jeff Green,BKN,68,1835,261,530,0.492,103,250,0.412,125,161,0.776,34,229,0.14332425068119892,0.05885558583106267,36,27,54,122,750,825,2.0,0.67,Forward,6-8,Forward,6,8,80.0
101150,118,Lou Williams,ATL,66,1423,265,646,0.41,69,173,0.399,150,173,0.867,21,117,0.09697821503865074,0.15811665495432187,47,6,108,62,749,653,2.08,0.43,Guard,6-2,Guard,6,2,74.0
201988,119,Patty Mills,SAS,68,1685,252,611,0.412,161,429,0.375,71,78,0.91,18,98,0.06884272997032641,0.09614243323442137,42,3,66,81,736,627,2.46,0.64,Guard,6-0,Guard,6,0,72.0
201565,120,Derrick Rose,NYK,50,1279,287,611,0.47,50,129,0.388,110,127,0.866,20,110,0.1016419077404222,0.163408913213448,49,19,78,56,734,722,2.68,0.63,Guard,6-3,Guard,6,3,75.0
1630193,121,Immanuel Quickley,NYK,64,1244,229,580,0.395,118,303,0.389,155,174,0.891,25,112,0.11012861736334405,0.10209003215434084,30,12,58,114,731,609,2.19,0.52,Guard,6-2,Guard,6,2,74.0
1629652,122,Luguentz Dort,OKC,52,1543,247,639,0.387,113,329,0.343,122,164,0.744,38,151,0.12248865845755022,0.057031756318859365,45,19,79,134,729,557,1.11,0.57,Guard,6-4,Guard,6,4,76.0
1627736,123,Malik Beasley,MIN,37,1214,264,600,0.44,128,321,0.399,68,80,0.85,28,134,0.13344316309719934,0.07248764415156507,30,7,60,62,724,603,1.47,0.5,Guard,6-4,Guard,6,4,76.0
203992,124,Bogdan Bogdanovic,ATL,44,1305,267,565,0.473,146,333,0.438,40,44,0.909,20,140,0.12260536398467432,0.11264367816091954,49,13,54,99,720,733,2.72,0.91,Guard,6-5,Guard,6,5,77.0
203095,125,Evan Fournier,BOS,42,1259,247,541,0.457,117,283,0.413,108,137,0.788,10,118,0.10166799046862589,0.11437648927720413,47,19,73,96,719,661,1.97,0.64,Guard-Forward,6-6,Guard,6,6,78.0
203082,126,Terrence Ross,ORL,46,1347,254,616,0.412,89,264,0.337,120,138,0.87,15,143,0.11729769858945806,0.0801781737193764,47,21,74,88,717,597,1.46,0.64,Guard-Forward,6-7,Guard,6,7,79.0
200752,127,Rudy Gay,SAS,63,1358,264,628,0.42,106,278,0.381,82,102,0.804,42,261,0.22312223858615612,0.06480117820324006,45,40,65,115,716,743,1.35,0.69,Forward-Guard,6-8,Forward,6,8,80.0
1626196,128,Josh Richardson,DAL,59,1790,264,618,0.427,88,267,0.33,99,108,0.917,51,144,0.10893854748603352,0.08547486033519552,61,24,79,130,715,706,1.94,0.77,Guard,6-6,Guard,6,6,78.0
202704,128,Reggie Jackson,LAC,67,1544,263,585,0.45,122,282,0.433,67,82,0.817,24,168,0.12435233160621761,0.1327720207253886,41,7,74,127,715,749,2.77,0.55,Guard,6-2,Guard,6,2,74.0
203552,130,Seth Curry,PHI,57,1638,258,552,0.467,126,280,0.45,69,77,0.896,10,126,0.08302808302808302,0.09462759462759462,44,8,65,96,711,687,2.38,0.68,Guard,6-1,Guard,6,1,73.0
203115,130,Will Barton,DEN,56,1736,259,608,0.426,98,257,0.381,95,121,0.785,39,187,0.13018433179723501,0.10426267281105991,50,23,96,95,711,720,1.89,0.52,Guard,6-5,Guard,6,5,77.0
203493,132,Reggie Bullock,NYK,65,1949,248,561,0.442,163,398,0.41,50,55,0.909,16,207,0.11441765007696254,0.05079527963057978,52,11,45,146,709,731,2.2,1.16,Guard-Forward,6-6,Guard,6,6,78.0
1627854,133,Bryn Forbes,MIL,70,1354,250,529,0.473,154,341,0.452,47,61,0.77,11,101,0.0827178729689808,0.03323485967503693,24,1,44,77,701,546,1.02,0.55,Guard,6-2,Guard,6,2,74.0
1628374,134,Lauri Markkanen,CHI,51,1317,250,521,0.48,119,296,0.402,76,92,0.826,35,233,0.2034927866362946,0.03416856492027335,26,15,52,75,695,710,0.86,0.5,Forward-Center,7-0,Center,7,0,84.0
1628978,135,Donte DiVincenzo,MIL,66,1815,253,603,0.42,131,346,0.379,51,71,0.718,81,299,0.209366391184573,0.1118457300275482,72,15,91,112,688,897,2.23,0.79,Guard,6-4,Guard,6,4,76.0
203083,136,Andre Drummond,LAL,46,1242,282,572,0.493,0,8,0.0,123,205,0.6,166,385,0.44363929146537845,0.07568438003220612,63,49,124,149,687,948,0.76,0.51,Center,6-11,Center,6,11,83.0
1628384,137,O.G. Anunoby,TOR,43,1433,249,519,0.48,104,261,0.398,80,102,0.784,54,183,0.16538729937194696,0.06559665038381018,66,32,75,114,682,744,1.25,0.88,Forward,6-7,Forward,6,7,79.0
201568,138,Danilo Gallinari,ATL,51,1222,206,475,0.434,103,254,0.406,161,174,0.925,17,194,0.17266775777414076,0.062193126022913256,30,10,43,105,676,678,1.77,0.7,Forward,6-10,Forward,6,10,82.0
201609,139,Goran Dragic,MIA,50,1337,240,555,0.432,91,244,0.373,101,122,0.828,25,144,0.12640239341810022,0.1637995512341062,33,8,118,113,672,647,1.86,0.28,Guard,6-4,Guard,6,4,76.0
1629022,140,Lonnie Walker IV,SAS,60,1522,256,609,0.42,100,282,0.355,57,70,0.814,14,141,0.10183968462549277,0.06636005256241786,29,15,65,101,669,538,1.55,0.45,Guard-Forward,6-4,Guard,6,4,76.0
1630177,141,Theo Maledon,OKC,65,1778,226,614,0.368,105,313,0.335,101,135,0.748,25,186,0.1186726659167604,0.12767154105736783,56,11,141,126,658,600,1.61,0.4,Guard,6-5,Guard,6,5,77.0
202722,142,Davis Bertans,WAS,57,1464,193,478,0.404,169,428,0.395,100,115,0.87,18,150,0.11475409836065574,0.03346994535519126,33,13,33,136,655,585,1.49,1.0,Forward,6-10,Forward,6,10,82.0
1630172,142,Patrick Williams,CHI,71,1983,255,528,0.483,54,138,0.391,91,125,0.728,66,261,0.1649016641452345,0.049924357034795766,64,46,98,126,655,786,1.01,0.65,Forward,6-7,Forward,6,7,79.0
201980,144,Danny Green,PHI,69,1934,224,544,0.412,175,432,0.405,31,40,0.775,55,205,0.1344364012409514,0.06101344364012409,92,56,67,125,654,784,1.76,1.37,Guard,6-6,Guard,6,6,78.0
203484,145,Kentavious Caldwell-Pope,LAL,67,1902,218,506,0.431,120,293,0.41,97,112,0.866,27,152,0.09411146161934805,0.06677181913774974,62,26,66,114,653,678,1.92,0.94,Guard,6-5,Guard,6,5,77.0
203506,146,Victor Oladipo,MIA,33,1080,235,576,0.408,78,239,0.326,104,138,0.754,12,148,0.14814814814814814,0.1398148148148148,46,14,83,81,652,565,1.82,0.55,Guard,6-3,Guard,6,3,75.0
1627826,147,Ivica Zubac,LAC,72,1609,257,394,0.652,1,4,0.25,135,171,0.789,189,330,0.3225605966438782,0.05593536357986327,24,62,81,187,650,1091,1.11,0.3,Center,7-0,Center,7,0,84.0
1630171,148,Isaac Okoro,CLE,67,2173,235,559,0.42,62,214,0.29,114,157,0.726,68,138,0.09479981592268753,0.05890473999079614,62,24,86,185,646,613,1.49,0.72,Forward-Guard,6-5,Forward,6,5,77.0
1626153,149,Delon Wright,SAC,63,1748,240,518,0.463,64,172,0.372,101,126,0.802,65,204,0.15389016018306637,0.15903890160183065,101,30,83,75,645,937,3.35,1.22,Guard,6-5,Guard,6,5,77.0
201577,150,Robin Lopez,WAS,71,1354,269,425,0.633,5,18,0.278,99,137,0.723,141,131,0.20088626292466766,0.04062038404726736,15,44,75,109,642,759,0.73,0.2,Center,7-0,Center,7,0,84.0
203901,151,Elfrid Payton,NYK,63,1484,269,622,0.432,28,98,0.286,73,107,0.682,64,152,0.14555256064690028,0.13679245283018868,47,9,103,116,639,624,1.97,0.46,Guard,6-3,Guard,6,3,75.0
1628464,152,Daniel Theis,CHI,65,1601,252,466,0.541,49,152,0.322,74,110,0.673,93,263,0.22236102435977514,0.06745783885071831,41,57,66,167,627,873,1.64,0.62,Forward-Center,6-8,Center,6,8,80.0
203935,152,Marcus Smart,BOS,48,1581,203,510,0.398,93,282,0.33,128,162,0.79,36,131,0.105629348513599,0.17267552182163187,72,23,96,126,627,725,2.84,0.75,Guard,6-4,Guard,6,4,76.0
1630217,154,Desmond Bane,MEM,68,1519,234,499,0.469,117,271,0.432,40,49,0.816,31,179,0.1382488479262673,0.07768268597761685,41,16,59,125,625,677,2.0,0.69,Guard,6-5,Guard,6,5,77.0
202692,155,Alec Burks,NYK,49,1255,210,500,0.42,102,246,0.415,101,118,0.856,21,206,0.18087649402390438,0.08525896414342629,31,14,49,102,623,646,2.18,0.63,Guard,6-6,Guard,6,6,78.0
203932,156,Aaron Gordon,DEN,50,1384,231,499,0.463,59,176,0.335,97,149,0.651,77,207,0.20520231213872833,0.11632947976878613,33,34,97,89,618,713,1.66,0.34,Forward,6-8,Forward,6,8,80.0
1626224,157,Cedi Osman,CLE,59,1511,219,586,0.374,99,324,0.306,76,95,0.8,38,163,0.13302448709463932,0.11515552614162806,53,9,80,119,613,584,2.17,0.66,Forward,6-7,Forward,6,7,79.0
1629634,159,Brandon Clarke,MEM,59,1415,256,495,0.517,20,77,0.26,78,113,0.69,97,231,0.23180212014134274,0.06713780918727916,60,51,33,84,610,837,2.88,1.82,Forward,6-8,Forward,6,8,80.0
1628963,160,Marvin Bagley III,SAC,43,1112,247,490,0.504,37,108,0.343,77,134,0.575,106,212,0.28597122302158273,0.03866906474820144,21,21,59,100,608,652,0.73,0.36,Forward,6-10,Forward,6,10,82.0
1628976,161,Wendell Carter Jr.,ORL,54,1375,230,457,0.503,15,51,0.294,131,179,0.732,132,311,0.3221818181818182,0.07563636363636364,35,42,78,146,606,877,1.33,0.45,Center-Forward,6-10,Center,6,10,82.0
1630175,162,Cole Anthony,ORL,47,1273,219,552,0.397,58,172,0.337,109,131,0.832,38,183,0.17360565593087196,0.15082482325216026,30,18,106,98,605,605,1.81,0.28,Guard,6-3,Guard,6,3,75.0
1628977,163,Hamidou Diallo,DET,52,1226,224,470,0.477,28,82,0.341,128,200,0.64,59,213,0.22185970636215335,0.08238172920065252,41,24,76,134,604,648,1.33,0.54,Guard,6-5,Guard,6,5,77.0
203109,164,Jae Crowder,PHX,60,1648,199,492,0.404,148,380,0.389,57,75,0.76,32,250,0.17111650485436894,0.0770631067961165,48,27,55,125,603,721,2.31,0.87,Forward,6-6,Forward,6,6,78.0
204456,165,T.J. McConnell,IND,69,1796,274,490,0.559,15,48,0.313,33,48,0.688,55,201,0.14253897550111358,0.25389755011135856,128,23,135,113,596,1093,3.38,0.95,Guard,6-1,Guard,6,1,73.0
1627751,166,Jakob Poeltl,SAS,69,1845,265,430,0.616,0,0,0.0,63,124,0.508,219,328,0.2964769647696477,0.07262872628726287,47,123,83,172,593,1135,1.61,0.57,Center,7-1,Center,7,1,85.0
203496,166,Robert Covington,POR,70,2243,204,509,0.401,135,356,0.379,50,62,0.806,61,405,0.207757467677218,0.0521622826571556,101,84,64,195,593,980,1.83,1.58,Forward,6-7,Forward,6,7,79.0
1626167,168,Myles Turner,IND,47,1455,206,432,0.477,69,206,0.335,111,142,0.782,63,243,0.21030927835051547,0.032989690721649485,40,159,67,165,592,821,0.72,0.6,Center-Forward,6-11,Center,6,11,83.0
1627827,169,Dorian Finney-Smith,DAL,60,1921,220,466,0.472,119,302,0.394,31,41,0.756,98,228,0.16970327954190526,0.05309734513274336,52,25,48,138,590,791,2.13,1.08,Forward,6-7,Forward,6,7,79.0
1629659,170,Talen Horton-Tucker,LAL,65,1304,224,489,0.458,37,131,0.282,100,129,0.775,25,144,0.12960122699386503,0.1388036809815951,63,21,105,127,585,620,1.72,0.6,Guard,6-4,Guard,6,4,76.0
201937,171,Ricky Rubio,MIN,68,1772,193,498,0.388,66,214,0.308,130,150,0.867,28,195,0.12584650112866816,0.2443566591422122,98,4,111,139,582,904,3.9,0.88,Guard,6-2,Guard,6,2,74.0
203486,172,Mason Plumlee,DET,56,1499,234,381,0.614,0,7,0.0,113,169,0.669,145,374,0.34623082054703136,0.13475650433622416,43,50,105,186,581,1087,1.92,0.41,Forward-Center,7-0,Center,7,0,84.0
1628971,173,Bruce Brown,BKN,65,1451,235,423,0.556,17,59,0.288,86,117,0.735,111,238,0.2405237767057202,0.07167470709855273,58,28,54,145,573,839,1.93,1.07,Guard-Forward,6-4,Guard,6,4,76.0
1629661,173,Cameron Johnson,PHX,60,1437,203,483,0.42,117,335,0.349,50,59,0.847,33,166,0.13848295059151008,0.059846903270702856,37,16,40,85,573,582,2.15,0.93,Forward,6-8,Forward,6,8,80.0
1629013,175,Landry Shamet,BKN,61,1403,186,456,0.408,129,333,0.387,66,78,0.846,11,101,0.07982893799002139,0.07056307911617961,31,10,48,93,567,489,2.06,0.65,Guard,6-4,Guard,6,4,76.0
1629004,176,Svi Mykhailiuk,OKC,66,1324,208,506,0.411,105,314,0.334,38,50,0.76,24,139,0.12311178247734139,0.08308157099697885,51,12,88,63,559,497,1.25,0.58,Guard-Forward,6-7,Guard,6,7,79.0
203526,177,Raul Neto,WAS,64,1403,209,447,0.468,64,164,0.39,75,85,0.882,28,128,0.11119030648610122,0.10406272273699216,73,6,53,109,557,637,2.75,1.38,Guard,6-2,Guard,6,2,74.0
1628401,178,Derrick White,SAS,36,1064,186,453,0.411,84,243,0.346,97,114,0.851,13,94,0.10056390977443609,0.1193609022556391,26,36,45,91,553,520,2.82,0.58,Guard,6-4,Guard,6,4,76.0
201587,179,Nicolas Batum,LAC,67,1835,191,412,0.464,110,272,0.404,48,58,0.828,50,266,0.17220708446866484,0.08065395095367847,69,37,53,102,540,826,2.79,1.3,Guard-Forward,6-8,Guard,6,8,80.0
1630191,180,Isaiah Stewart,DET,68,1455,226,409,0.553,21,63,0.333,64,92,0.696,159,294,0.311340206185567,0.04054982817869416,39,86,67,184,537,896,0.88,0.58,Forward-Center,6-8,Center,6,8,80.0
1629676,181,Isaiah Roby,OKC,61,1425,207,429,0.483,32,109,0.294,87,117,0.744,89,252,0.2392982456140351,0.07508771929824562,52,37,113,162,533,705,0.95,0.46,Forward,6-8,Forward,6,8,80.0
1629056,181,Terence Davis,SAC,61,1074,195,456,0.428,98,267,0.367,45,55,0.818,20,134,0.14338919925512103,0.07728119180633147,44,14,63,97,533,494,1.32,0.7,Guard,6-4,Guard,6,4,76.0
1628960,183,Grayson Allen,MEM,50,1260,173,414,0.418,107,274,0.391,79,91,0.868,19,141,0.12698412698412698,0.08571428571428572,46,8,48,71,532,553,2.25,0.96,Guard,6-4,Guard,6,4,76.0
1629026,184,Kenrich Williams,OKC,66,1426,219,411,0.533,52,117,0.444,36,63,0.571,84,189,0.19144460028050492,0.10659186535764376,55,17,76,143,526,728,2.0,0.72,Guard-Forward,6-6,Guard,6,6,78.0
1628379,185,Luke Kennard,LAC,63,1232,197,414,0.476,100,224,0.446,26,31,0.839,15,146,0.13068181818181818,0.08441558441558442,23,9,48,91,520,547,2.17,0.48,Guard,6-5,Guard,6,5,77.0
202709,186,Cory Joseph,DET,63,1446,200,426,0.469,45,132,0.341,72,88,0.818,35,124,0.10995850622406639,0.14730290456431536,61,18,79,139,517,647,2.7,0.77,Guard,6-3,Guard,6,3,75.0
1630202,187,Payton Pritchard,BOS,66,1268,184,418,0.44,102,248,0.411,40,45,0.889,33,125,0.12460567823343849,0.0946372239747634,37,9,53,104,510,542,2.26,0.7,Guard,6-1,Guard,6,1,73.0
1629638,188,Nickeil Alexander-Walker,NOP,46,1007,192,458,0.419,76,219,0.347,48,66,0.727,13,131,0.14299900695134063,0.1012909632571996,47,22,69,88,508,470,1.48,0.68,Guard,6-5,Guard,6,5,77.0
201933,189,Blake Griffin,BKN,46,1187,174,411,0.423,70,205,0.341,87,117,0.744,35,190,0.18955349620893008,0.11794439764111204,32,15,62,111,505,588,2.26,0.52,Forward,6-9,Forward,6,9,81.0
1626166,189,Cameron Payne,PHX,60,1079,191,395,0.484,73,166,0.44,50,56,0.893,16,128,0.1334569045412419,0.20111214087117701,36,16,60,97,505,648,3.62,0.6,Guard,6-1,Guard,6,1,73.0
1629014,191,Anfernee Simons,POR,64,1104,168,401,0.419,120,282,0.426,46,57,0.807,14,126,0.12681159420289856,0.0806159420289855,18,8,43,96,502,470,2.07,0.42,Guard,6-3,Guard,6,3,75.0
200794,191,Paul Millsap,DEN,56,1162,191,401,0.476,49,143,0.343,71,98,0.724,76,186,0.22547332185886404,0.08433734939759036,51,36,51,111,502,661,1.92,1.0,Forward,6-7,Forward,6,7,79.0
1627788,193,Furkan Korkmaz,PHI,55,1062,170,424,0.401,101,269,0.375,60,82,0.732,17,96,0.1064030131826742,0.07721280602636535,49,9,46,64,501,432,1.78,1.06,Guard-Forward,6-7,Guard,6,7,79.0
1627777,194,Georges Niang,UTA,72,1154,177,405,0.437,124,292,0.425,22,23,0.957,28,148,0.15251299826689774,0.0511265164644714,25,8,51,116,500,488,1.16,0.49,Forward,6-7,Forward,6,7,79.0
1626220,195,Royce O'Neale,UTA,71,2240,175,394,0.444,107,278,0.385,39,46,0.848,88,397,0.21651785714285715,0.08080357142857143,57,32,83,182,496,942,2.18,0.69,Forward,6-6,Forward,6,6,78.0
2730,198,Dwight Howard,PHI,69,1196,178,303,0.587,5,20,0.25,121,210,0.576,190,390,0.48494983277591974,0.05100334448160535,30,62,112,200,482,889,0.55,0.27,Center-Forward,6-10,Center,6,10,82.0
203920,198,Khem Birch,TOR,67,1529,189,380,0.497,13,52,0.25,91,129,0.705,174,213,0.25310660562459125,0.058207979071288427,48,50,44,113,482,783,2.02,1.09,Center,6-8,Center,6,8,80.0
203145,200,Kent Bazemore,GSW,67,1334,176,392,0.449,75,184,0.408,54,78,0.692,26,203,0.17166416791604197,0.08095952023988005,69,33,82,158,481,598,1.32,0.84,Guard-Forward,6-4,Guard,6,4,76.0
1628420,200,Monte Morris,DEN,47,1196,186,387,0.481,51,134,0.381,58,73,0.795,11,85,0.0802675585284281,0.1254180602006689,34,13,34,48,481,524,4.41,1.0,Guard,6-2,Guard,6,2,74.0
1628988,203,Aaron Holiday,IND,66,1176,170,436,0.39,67,182,0.368,68,83,0.819,15,74,0.07568027210884354,0.10459183673469388,46,13,66,94,475,399,1.86,0.7,Guard,6-0,Guard,6,0,72.0
1629001,204,De'Anthony Melton,MEM,52,1045,172,393,0.438,87,211,0.412,41,51,0.804,30,131,0.15406698564593302,0.12631578947368421,60,31,66,85,472,559,2.0,0.91,Guard,6-2,Guard,6,2,74.0
1629611,204,Terance Mann,LAC,67,1263,178,350,0.509,38,91,0.418,78,94,0.83,56,186,0.1916072842438638,0.08234362628661916,29,13,40,126,472,632,2.6,0.72,Guard-Forward,6-5,Guard,6,5,77.0
203210,206,JaMychal Green,DEN,58,1120,173,374,0.463,79,198,0.399,46,57,0.807,85,192,0.24732142857142858,0.04732142857142857,26,22,53,144,471,584,1.0,0.49,Forward-Center,6-9,Center,6,9,81.0
1626192,207,Pat Connaughton,MIL,69,1575,168,387,0.434,101,272,0.371,31,40,0.775,63,269,0.21079365079365078,0.05142857142857143,49,23,33,99,468,692,2.46,1.49,Guard,6-5,Guard,6,5,77.0
203469,209,Cody Zeller,CHA,48,1005,181,324,0.559,4,28,0.143,85,119,0.714,119,209,0.3263681592039801,0.08557213930348259,27,17,51,121,451,681,1.69,0.53,Forward-Center,6-11,Center,6,11,83.0
203107,212,Tomas Satoransky,CHI,58,1307,169,329,0.514,42,118,0.356,67,79,0.848,30,112,0.10864575363427698,0.20734506503442998,40,14,96,89,447,646,2.82,0.42,Guard,6-7,Guard,6,7,79.0
203110,213,Draymond Green,GSW,63,1982,170,380,0.447,34,126,0.27,70,88,0.795,55,393,0.2260343087790111,0.2815338042381433,105,52,188,194,444,1191,2.97,0.56,Forward,6-6,Forward,6,6,78.0
1626145,214,Tyus Jones,MEM,70,1223,178,413,0.431,45,140,0.321,41,45,0.911,21,119,0.11447260834014718,0.21177432542927227,64,6,48,31,442,624,5.4,1.33,Guard,6-2,Guard,6,2,74.0
201961,214,Wayne Ellington,DET,46,1012,149,338,0.441,116,275,0.422,28,35,0.8,12,73,0.08399209486166008,0.06620553359683795,18,9,33,59,442,392,2.03,0.55,Guard,6-4,Guard,6,4,76.0
201571,216,D.J. Augustin,HOU,57,1129,135,343,0.394,83,217,0.382,85,94,0.904,20,74,0.08325952170062002,0.16651904340124005,28,1,65,56,438,467,2.89,0.43,Guard,5-11,Guard,5,11,71.0
203500,216,Steven Adams,NOP,58,1605,189,308,0.614,0,3,0.0,60,135,0.444,213,301,0.3202492211838006,0.0691588785046729,54,38,78,113,438,883,1.42,0.69,Center,6-11,Center,6,11,83.0
1628404,219,Josh Hart,NOP,47,1350,151,344,0.439,63,193,0.326,69,89,0.775,53,324,0.27925925925925926,0.08074074074074074,38,12,49,111,434,708,2.22,0.78,Guard,6-4,Guard,6,4,76.0
1630183,221,Jaden McDaniels,MIN,63,1511,164,367,0.447,72,198,0.364,27,45,0.6,52,180,0.15354070152217075,0.04698874917273329,35,60,47,172,427,557,1.51,0.74,Forward,6-9,Forward,6,9,81.0
201599,222,DeAndre Jordan,BKN,57,1246,190,249,0.763,0,1,0.0,46,92,0.5,117,310,0.34269662921348315,0.07463884430176565,17,65,85,116,426,838,1.09,0.2,Center,6-11,Center,6,11,83.0
202066,224,Garrett Temple,CHI,56,1528,158,381,0.415,67,200,0.335,40,50,0.8,29,131,0.10471204188481675,0.08115183246073299,43,30,58,126,423,489,2.14,0.74,Guard-Forward,6-6,Guard,6,6,78.0
1630231,226,Kenyon Martin Jr.,HOU,45,1068,162,318,0.509,35,96,0.365,60,84,0.714,73,169,0.22659176029962547,0.0449438202247191,30,41,38,89,419,562,1.26,0.79,Forward,6-7,Forward,6,7,79.0
1628425,228,Sterling Brown,HOU,51,1229,150,335,0.448,91,215,0.423,25,31,0.806,38,186,0.1822620016273393,0.05858421480878763,38,12,41,97,416,530,1.76,0.93,Guard-Forward,6-5,Guard,6,5,77.0
202684,230,Tristan Thompson,BOS,54,1287,169,326,0.518,0,3,0.0,71,120,0.592,169,270,0.3411033411033411,0.052059052059052056,24,33,62,119,409,704,1.08,0.39,Center-Forward,6-9,Center,6,9,81.0
202693,231,Markieff Morris,LAL,61,1200,153,378,0.405,65,209,0.311,36,50,0.72,48,218,0.22166666666666668,0.060833333333333336,22,19,54,105,407,494,1.35,0.41,Forward,6-9,Forward,6,9,81.0
1627756,232,Denzel Valentine,CHI,62,1036,155,416,0.373,80,242,0.331,16,17,0.941,24,173,0.19015444015444016,0.10135135135135136,30,7,42,70,406,441,2.5,0.71,Guard,6-4,Guard,6,4,76.0
1627884,236,Derrick Jones Jr.,POR,58,1318,147,304,0.484,43,136,0.316,59,91,0.648,77,128,0.15553869499241274,0.03566009104704097,37,54,32,127,396,518,1.47,1.16,Forward,6-6,Forward,6,6,78.0
1630267,236,Facundo Campazzo,DEN,65,1425,120,315,0.381,76,216,0.352,80,91,0.879,22,112,0.09403508771929825,0.16280701754385965,79,14,73,132,396,576,3.18,1.08,Guard,5-10,Guard,5,10,70.0
1630214,238,Xavier Tillman,MEM,59,1085,167,299,0.559,22,65,0.338,34,53,0.642,74,182,0.2359447004608295,0.06912442396313365,44,33,45,116,390,602,1.67,0.98,Forward,6-7,Forward,6,7,79.0
203914,241,Gary Harris,ORL,39,1080,138,345,0.4,48,141,0.34,64,78,0.821,21,58,0.07314814814814814,0.07222222222222222,28,11,37,71,388,326,2.11,0.76,Guard,6-4,Guard,6,4,76.0
1628408,242,P.J. Dozier,DEN,50,1088,148,355,0.417,47,149,0.315,42,66,0.636,35,147,0.16727941176470587,0.08455882352941177,31,22,46,86,385,435,2.0,0.67,Guard-Forward,6-6,Guard,6,6,78.0
1629731,246,Dean Wade,CLE,63,1212,134,311,0.431,78,213,0.366,30,39,0.769,38,177,0.1773927392739274,0.06105610561056106,35,21,30,78,376,505,2.47,1.17,Forward-Center,6-9,Center,6,9,81.0
1627814,248,Damion Lee,GSW,57,1079,128,274,0.467,77,194,0.397,40,44,0.909,22,158,0.16682113067655235,0.06765523632993513,38,8,30,89,373,492,2.43,1.27,Guard-Forward,6-5,Guard,6,5,77.0
1627936,250,Alex Caruso,LAL,58,1216,133,305,0.436,55,137,0.401,49,76,0.645,31,139,0.13980263157894737,0.13157894736842105,64,15,76,108,370,504,2.1,0.84,Guard,6-5,Guard,6,5,77.0
1627789,250,Timothe Luwawu-Cabarrot,BKN,58,1050,130,356,0.365,75,239,0.314,35,43,0.814,28,101,0.12285714285714286,0.06571428571428571,33,6,43,99,370,330,1.6,0.77,Guard-Forward,6-7,Guard,6,7,79.0
202324,253,Derrick Favors,UTA,68,1039,155,243,0.638,0,2,0.0,59,80,0.738,138,238,0.3618864292589028,0.04234841193455245,32,68,36,143,369,744,1.22,0.89,Forward,6-9,Forward,6,9,81.0
201949,254,James Johnson,NOP,51,1043,146,327,0.446,31,120,0.258,45,76,0.592,32,145,0.16970278044103548,0.09395973154362416,42,42,55,120,368,460,1.78,0.76,Forward,6-7,Forward,6,7,79.0
1630197,255,Aleksej Pokusevski,OKC,45,1090,139,408,0.341,58,207,0.28,31,42,0.738,30,182,0.1944954128440367,0.0889908256880734,20,42,99,58,367,359,0.98,0.2,Forward,7-0,Forward,7,0,84.0
1629726,260,Garrison Mathews,WAS,64,1038,97,237,0.409,76,198,0.384,84,95,0.884,16,71,0.0838150289017341,0.025048169556840076,29,7,10,106,354,342,2.6,2.9,Guard,6-6,Guard,6,6,78.0
1628467,262,Maxi Kleber,DAL,50,1341,116,275,0.422,87,212,0.41,34,37,0.919,47,213,0.19388516032811334,0.05070842654735272,24,35,30,105,353,548,2.27,0.8,Forward,6-10,Forward,6,10,82.0
1629643,266,Chuma Okeke,ORL,45,1133,135,324,0.417,49,141,0.348,30,40,0.75,42,139,0.15975286849073256,0.08914386584289496,48,22,38,48,349,464,2.66,1.26,Forward,6-8,Forward,6,8,80.0
1629020,269,Jarred Vanderbilt,MIN,64,1139,143,236,0.606,1,5,0.2,57,102,0.559,118,250,0.3230904302019315,0.06672519754170325,64,46,53,123,344,707,1.43,1.21,Forward,6-8,Forward,6,8,80.0
1630166,272,Deni Avdija,WAS,54,1257,130,312,0.417,53,168,0.315,29,45,0.644,22,240,0.20843277645186953,0.050119331742243436,32,15,33,140,342,483,1.91,0.97,Forward,6-9,Forward,6,9,81.0
1630170,274,Devin Vassell,SAS,62,1056,123,303,0.406,52,150,0.347,43,51,0.843,24,150,0.16477272727272727,0.05303030303030303,43,18,22,88,341,422,2.54,1.96,Guard-Forward,6-5,Guard,6,5,77.0
202954,278,Brad Wanamaker,CHA,61,1053,115,299,0.385,16,85,0.188,90,101,0.891,18,87,0.09971509971509972,0.16524216524216523,43,11,71,94,336,403,2.45,0.61,Guard,6-3,Guard,6,3,75.0
202687,279,Bismack Biyombo,CHA,66,1349,142,242,0.587,0,1,0.0,47,105,0.448,137,210,0.257227575982209,0.060044477390659746,17,74,71,141,331,621,1.14,0.24,Center,6-8,Center,6,8,80.0
1626204,280,Larry Nance Jr.,CLE,35,1091,128,272,0.471,41,114,0.36,30,49,0.612,54,181,0.2153987167736022,0.09807516040329972,61,17,55,72,327,529,1.95,1.11,Forward-Center,6-8,Center,6,8,80.0
203457,282,Nerlens Noel,NYK,64,1547,137,223,0.614,0,3,0.0,50,70,0.714,142,265,0.26308985132514545,0.029734970911441498,70,141,65,176,324,817,0.71,1.08,Center-Forward,6-10,Center,6,10,82.0
203524,284,Solomon Hill,ATL,71,1514,107,298,0.359,68,212,0.321,35,46,0.761,42,172,0.14134742404227213,0.04953764861294584,50,11,42,116,317,423,1.79,1.19,Forward,6-6,Forward,6,6,78.0
1629006,285,Josh Okogie,MIN,59,1197,102,254,0.402,29,108,0.269,83,108,0.769,63,93,0.13032581453634084,0.05263157894736842,54,28,43,123,316,397,1.47,1.26,Guard,6-4,Guard,6,4,76.0
1629308,293,Juan Toscano-Anderson,GSW,53,1108,121,209,0.579,37,92,0.402,22,31,0.71,29,206,0.21209386281588447,0.13537906137184116,41,26,61,111,301,595,2.46,0.67,Forward,6-6,Forward,6,6,78.0
1629684,296,Grant Williams,BOS,63,1138,108,247,0.437,48,129,0.372,30,51,0.588,48,130,0.15641476274165203,0.056239015817223195,32,24,56,161,294,376,1.14,0.57,Forward,6-6,Forward,6,6,78.0
202083,304,Wesley Matthews,LAL,58,1130,89,252,0.353,66,197,0.335,35,41,0.854,20,73,0.08230088495575222,0.047787610619469026,38,17,26,80,279,286,2.08,1.46,Guard,6-5,Guard,6,5,77.0
2738,307,Andre Iguodala,MIA,63,1339,95,248,0.383,60,182,0.33,25,38,0.658,38,183,0.1650485436893204,0.10604929051530994,57,35,67,90,275,497,2.12,0.85,Guard-Forward,6-6,Guard,6,6,78.0
1626169,311,Stanley Johnson,TOR,61,1006,89,233,0.382,45,137,0.328,44,55,0.8,29,124,0.15208747514910537,0.08846918489065607,52,18,54,116,267,370,1.65,0.96,Forward-Guard,6-6,Forward,6,6,78.0
1629680,321,Matisse Thybulle,PHI,65,1298,102,243,0.42,43,143,0.301,8,18,0.444,30,94,0.09553158705701079,0.0485362095531587,105,71,32,127,255,435,1.97,3.28,Guard-Forward,6-5,Guard,6,5,77.0
1626172,323,Kevon Looney,GSW,61,1161,108,197,0.548,4,17,0.235,31,48,0.646,117,205,0.27734711455641686,0.1024978466838932,21,22,37,136,251,592,3.22,0.57,Forward,6-9,Forward,6,9,81.0
200782,351,P.J. Tucker,MIL,52,1356,66,177,0.373,40,119,0.336,21,28,0.75,51,153,0.1504424778761062,0.04498525073746313,39,20,40,125,193,359,1.52,0.97,Forward,6-5,Forward,6,5,77.0
